epoch,train/box_loss,train/cls_loss,train/dfl_loss,metrics/precision(B),metrics/recall(B),metrics/mAP50(B),metrics/mAP50-95(B),val/box_loss,val/cls_loss,val/dfl_loss,lr/pg0,lr/pg1,lr/pg2,
1,0.68875,1.5989,0.88624,0.97851,0.97108,0.99243,0.84872,0.61297,1.7641,0.85617,0.00066032,0.00066032,0.00066032,
2,0.67731,0.85287,0.88657,0.97186,0.98222,0.98943,0.86265,0.54218,0.6653,0.82993,0.00088908,0.00088908,0.00088908,
3,0.61569,0.67378,0.87659,0.98654,0.98815,0.98709,0.88394,0.4616,0.52975,0.81665,0.00067784,0.00067784,0.00067784,
