epoch,train/box_loss,train/cls_loss,train/dfl_loss,metrics/precision(B),metrics/recall(B),metrics/mAP50(B),metrics/mAP50-95(B),val/box_loss,val/cls_loss,val/dfl_loss,lr/pg0,lr/pg1,lr/pg2
1,0.56341,0.56038,0.85866,0.99171,0.98815,0.99409,0.88364,0.50729,0.47149,0.82352,0.00066032,0.00066032,0.00066032
2,0.61,0.53936,0.86988,0.97036,0.96919,0.9893,0.86453,0.53088,0.45633,0.83577,0.0010642,0.0010642,0.0010642
3,0.61254,0.49359,0.8786,0.9882,0.99206,0.99449,0.87277,0.55268,0.40429,0.83313,0.0012042,0.0012042,0.0012042
4,0.59283,0.4373,0.87299,0.99283,0.9844,0.99417,0.89589,0.47589,0.33824,0.81946,0.000812,0.000812,0.000812
5,0.54688,0.3815,0.85698,0.99264,0.98578,0.9946,0.91655,0.42767,0.28606,0.80893,0.000416,0.000416,0.000416
